id,user_input,faithfulness,answer_relevancy,answer_correctness,factual_correctness,context_precision,context_recall,legal_correctness,citation_correctness,legal_completeness,legal_safety,legal_overall_score,error_type,explanation,overall_avg,judge_model,ragas_judge_model,legal_judge_model,mode,error
LBR_004,Hợp đồng lao động là gì?,0.5384615384615384,0.7915991338418741,,,0.9999999999,1.0,,,,,,,,0.832515,gpt-5.4-pro,gpt-5.4-nano,gpt-5.4-pro,full,"legal_judge_failed: <html>
<head><title>504 Gateway Time-out</title></head>
<body>
<center><h1>504 Gateway Time-out</h1></center>
<hr><center>nginx/1.24.0 (Ubuntu)</center>
</body>
</html>"
LBR_006,Có mấy loại hợp đồng lao động theo Bộ luật Lao động 2019?,1.0,0.5641921354694612,,,0.9999999999,1.0,,,,,,,,0.891048,gpt-5.4-pro,gpt-5.4-nano,gpt-5.4-pro,full,legal_judge_failed: Legal judge output contains invalid JSON.
LBR_009,Hợp đồng lao động phải được lập thành mấy bản?,0.6923076923076923,0.8674167236701755,,,0.9999999999,1.0,,,,,,,,0.889931,gpt-5.4-pro,gpt-5.4-nano,gpt-5.4-pro,full,"legal_judge_failed: <html>
<head><title>504 Gateway Time-out</title></head>
<body>
<center><h1>504 Gateway Time-out</h1></center>
<hr><center>nginx/1.24.0 (Ubuntu)</center>
</body>
</html>"
LBR_011,Nội dung chủ yếu của hợp đồng lao động gồm những nội dung nào?,0.7857142857142857,0.8029061217971698,,,0.9999999999,1.0,,,,,,,,0.897155,gpt-5.4-pro,gpt-5.4-nano,gpt-5.4-pro,full,"legal_judge_failed: <html>
<head><title>504 Gateway Time-out</title></head>
<body>
<center><h1>504 Gateway Time-out</h1></center>
<hr><center>nginx/1.24.0 (Ubuntu)</center>
</body>
</html>"
LBR_012,Thời gian thử việc tối đa đối với công việc cần trình độ cao đẳng trở lên là bao lâu?,1.0,0.9571325995925887,,,0.9999999999,1.0,,,,,,,,0.989283,gpt-5.4-pro,gpt-5.4-nano,gpt-5.4-pro,full,legal_judge_failed: Legal judge output contains invalid JSON.
LBR_013,Tiền lương thử việc tối thiểu bằng bao nhiêu phần trăm lương của công việc đó?,1.0,0.6406543294445782,,,0.9999999999,1.0,,,,,,,,0.910164,gpt-5.4-pro,gpt-5.4-nano,gpt-5.4-pro,full,legal_judge_failed: Legal judge output contains invalid JSON.
LBR_016,Người sử dụng lao động có được giữ bản chính giấy tờ tùy thân của người lao động không?,0.4,0.9059157658806846,,,0.9999999999,1.0,,,,,,,,0.826479,gpt-5.4-pro,gpt-5.4-nano,gpt-5.4-pro,full,legal_judge_failed: Legal judge output contains invalid JSON.
LBR_017,Thời giờ làm việc bình thường tối đa theo ngày và theo tuần là bao nhiêu?,0.8333333333333334,0.8436196814291702,,,0.7499999999625,1.0,,,,,,,,0.856738,gpt-5.4-pro,gpt-5.4-nano,gpt-5.4-pro,full,"legal_judge_failed: <html>
<head><title>504 Gateway Time-out</title></head>
<body>
<center><h1>504 Gateway Time-out</h1></center>
<hr><center>nginx/1.24.0 (Ubuntu)</center>
</body>
</html>"
LBR_018,Giờ làm việc ban đêm được tính từ mấy giờ đến mấy giờ?,0.6666666666666666,0.9061974884731484,,,0.9999999999,1.0,,,,,,,,0.893216,gpt-5.4-pro,gpt-5.4-nano,gpt-5.4-pro,full,"legal_judge_failed: <html>
<head><title>504 Gateway Time-out</title></head>
<body>
<center><h1>504 Gateway Time-out</h1></center>
<hr><center>nginx/1.24.0 (Ubuntu)</center>
</body>
</html>"
LBR_028,Hãy trình bày các mức thời gian thử việc theo từng loại công việc.,0.8333333333333334,0.7458044441890584,,,0.9999999999,1.0,,,,,,,,0.894784,gpt-5.4-pro,gpt-5.4-nano,gpt-5.4-pro,full,"legal_judge_failed: <html>
<head><title>504 Gateway Time-out</title></head>
<body>
<center><h1>504 Gateway Time-out</h1></center>
<hr><center>nginx/1.24.0 (Ubuntu)</center>
</body>
</html>"
LBR_032,Hãy lập bảng thời hạn báo trước khi người lao động đơn phương chấm dứt HĐLĐ theo từng loại hợp đồng.,0.6086956521739131,0.8055711021324247,,,0.5833333333041666,0.5,,,,,,,,0.6244,gpt-5.4-pro,gpt-5.4-nano,gpt-5.4-pro,full,"legal_judge_failed: <html>
<head><title>504 Gateway Time-out</title></head>
<body>
<center><h1>504 Gateway Time-out</h1></center>
<hr><center>nginx/1.24.0 (Ubuntu)</center>
</body>
</html>"
LBR_033,Hãy lập bảng thời hạn báo trước khi người sử dụng lao động đơn phương chấm dứt HĐLĐ theo từng loại hợp đồng.,0.6,0.8069325991635852,,,0.0,0.3333333333333333,,,,,,,,0.435066,gpt-5.4-pro,gpt-5.4-nano,gpt-5.4-pro,full,"legal_judge_failed: Error code: 400 - {'error': {'message': 'Budget has been exceeded! Team=282c477e-a4e0-4389-943b-928049e07592 Current cost: 10.2459188, Max budget: 10.0', 'type': 'budget_exceeded', 'param': None, 'code': '400'}}"
LBR_037,Hãy hệ thống hóa điều kiện để người sử dụng lao động được huy động người lao động làm thêm giờ.,0.6875,0.7736805841647948,,,0.49999999995,1.0,,,,,,,,0.740295,gpt-5.4-pro,gpt-5.4-nano,gpt-5.4-pro,full,"legal_judge_failed: Error code: 400 - {'error': {'message': 'Budget has been exceeded! Team=282c477e-a4e0-4389-943b-928049e07592 Current cost: 10.2459188, Max budget: 10.0', 'type': 'budget_exceeded', 'param': None, 'code': '400'}}"
LBR_039,Hãy giải thích nội dung cơ bản phải có trong nội quy lao động.,0.6896551724137931,0.7083092046208647,,,0.49999999995,1.0,,,,,,,,0.724491,gpt-5.4-pro,gpt-5.4-nano,gpt-5.4-pro,full,"legal_judge_failed: Error code: 400 - {'error': {'message': 'Budget has been exceeded! Team=282c477e-a4e0-4389-943b-928049e07592 Current cost: 10.2459188, Max budget: 10.0', 'type': 'budget_exceeded', 'param': None, 'code': '400'}}"
LBR_040,Hãy phân biệt tranh chấp lao động cá nhân và tranh chấp lao động tập thể.,0.6666666666666666,0.0,,,0.0,0.0,,,,,,,,0.166667,gpt-5.4-pro,gpt-5.4-nano,gpt-5.4-pro,full,"legal_judge_failed: Error code: 400 - {'error': {'message': 'Budget has been exceeded! Team=282c477e-a4e0-4389-943b-928049e07592 Current cost: 10.2459188, Max budget: 10.0', 'type': 'budget_exceeded', 'param': None, 'code': '400'}}"
LBR_041,"Một nhân viên ký hợp đồng 24 tháng, muốn nghỉ việc sau 8 tháng. Người này phải báo trước bao lâu?",0.4,0.8034069268952503,,,0.49999999995,0.6666666666666666,,,,,,,,0.592518,gpt-5.4-pro,gpt-5.4-nano,gpt-5.4-pro,full,"legal_judge_failed: Error code: 400 - {'error': {'message': 'Budget has been exceeded! Team=282c477e-a4e0-4389-943b-928049e07592 Current cost: 10.2459188, Max budget: 10.0', 'type': 'budget_exceeded', 'param': None, 'code': '400'}}"
LBR_042,Một nhân viên làm hợp đồng không xác định thời hạn bị công ty chấm dứt vì “không phù hợp văn hóa” nhưng không có quy chế đánh giá công việc. Việc chấm dứt này có rủi ro pháp lý gì?,0.08,0.6328873881341216,,,0.249999999975,0.0,,,,,,,,0.240722,gpt-5.4-pro,gpt-5.4-nano,gpt-5.4-pro,full,"legal_judge_failed: Error code: 400 - {'error': {'message': 'Budget has been exceeded! Team=282c477e-a4e0-4389-943b-928049e07592 Current cost: 10.2459188, Max budget: 10.0', 'type': 'budget_exceeded', 'param': None, 'code': '400'}}"
LBR_043,Người lao động bị công ty trả lương chậm nhiều lần. Người lao động có được nghỉ việc không cần báo trước không?,0.5333333333333333,0.7512092358936635,,,0.8333333332916666,0.6666666666666666,,,,,,,,0.696136,gpt-5.4-pro,gpt-5.4-nano,gpt-5.4-pro,full,"legal_judge_failed: Error code: 400 - {'error': {'message': 'Budget has been exceeded! Team=282c477e-a4e0-4389-943b-928049e07592 Current cost: 10.2459188, Max budget: 10.0', 'type': 'budget_exceeded', 'param': None, 'code': '400'}}"
LBR_044,Công ty yêu cầu nhân viên đặt cọc 10 triệu đồng trước khi ký hợp đồng lao động. Yêu cầu này có hợp pháp không?,0.1111111111111111,,,,0.9999999999,0.0,,,,,,,,0.37037,gpt-5.4-pro,gpt-5.4-nano,gpt-5.4-pro,full,"legal_judge_failed: Error code: 400 - {'error': {'message': 'Budget has been exceeded! Team=282c477e-a4e0-4389-943b-928049e07592 Current cost: 10.2459188, Max budget: 10.0', 'type': 'budget_exceeded', 'param': None, 'code': '400'}}"
LBR_045,Công ty giữ bằng đại học bản gốc của người lao động để “bảo đảm cam kết làm việc”. Chatbot nên xác định hành vi này thế nào?,0.2777777777777778,0.5499387093155876,,,0.9999999999,0.6666666666666666,,,,,,,,0.623596,gpt-5.4-pro,gpt-5.4-nano,gpt-5.4-pro,full,"legal_judge_failed: Error code: 400 - {'error': {'message': 'Budget has been exceeded! Team=282c477e-a4e0-4389-943b-928049e07592 Current cost: 10.2459188, Max budget: 10.0', 'type': 'budget_exceeded', 'param': None, 'code': '400'}}"
LBR_047,"Một công ty ký hợp đồng xác định thời hạn 2 lần liên tiếp với cùng một người lao động, sau đó người này tiếp tục làm việc. Loại hợp đồng tiếp theo phải là gì?",0.7058823529411765,0.7908148541655876,,,0.3333333333,1.0,,,,,,,,0.707508,gpt-5.4-pro,gpt-5.4-nano,gpt-5.4-pro,full,"legal_judge_failed: Error code: 400 - {'error': {'message': 'Budget has been exceeded! Team=282c477e-a4e0-4389-943b-928049e07592 Current cost: 10.2459188, Max budget: 10.0', 'type': 'budget_exceeded', 'param': None, 'code': '400'}}"
LBR_049,Công ty chuyển nhân viên sang công việc khác 75 ngày làm việc trong năm do nhu cầu sản xuất nhưng không có sự đồng ý bằng văn bản. Có hợp pháp không?,0.6153846153846154,0.8110000869314118,,,0.49999999995,0.5,,,,,,,,0.606596,gpt-5.4-pro,gpt-5.4-nano,gpt-5.4-pro,full,"legal_judge_failed: Error code: 400 - {'error': {'message': 'Budget has been exceeded! Team=282c477e-a4e0-4389-943b-928049e07592 Current cost: 10.2459188, Max budget: 10.0', 'type': 'budget_exceeded', 'param': None, 'code': '400'}}"
LBR_050,Người lao động bị ốm đang điều trị theo chỉ định của bệnh viện. Công ty có được đơn phương chấm dứt hợp đồng ngay không?,0.42857142857142855,0.7688866710476239,,,0.49999999995,1.0,,,,,,,,0.674365,gpt-5.4-pro,gpt-5.4-nano,gpt-5.4-pro,full,"legal_judge_failed: Error code: 400 - {'error': {'message': 'Budget has been exceeded! Team=282c477e-a4e0-4389-943b-928049e07592 Current cost: 10.2459188, Max budget: 10.0', 'type': 'budget_exceeded', 'param': None, 'code': '400'}}"
LBR_052,Lao động nữ nuôi con dưới 12 tháng tuổi bị yêu cầu làm ca đêm. Trường hợp nào yêu cầu này có thể được chấp nhận?,0.6666666666666666,0.8518694330512747,,,0.699999999965,1.0,,,,,,,,0.804634,gpt-5.4-pro,gpt-5.4-nano,gpt-5.4-pro,full,"legal_judge_failed: Error code: 400 - {'error': {'message': 'Budget has been exceeded! Team=282c477e-a4e0-4389-943b-928049e07592 Current cost: 10.2459188, Max budget: 10.0', 'type': 'budget_exceeded', 'param': None, 'code': '400'}}"
LBR_054,Người lao động tự ý bỏ việc 5 ngày làm việc liên tục không có lý do chính đáng. Người sử dụng lao động có thể xử lý theo hướng nào?,0.4375,0.7886167778243048,,,0.0,0.25,,,,,,,,0.369029,gpt-5.4-pro,gpt-5.4-nano,gpt-5.4-pro,full,"legal_judge_failed: Error code: 400 - {'error': {'message': 'Budget has been exceeded! Team=282c477e-a4e0-4389-943b-928049e07592 Current cost: 10.2459188, Max budget: 10.0', 'type': 'budget_exceeded', 'param': None, 'code': '400'}}"
LBR_057,"Một nhân viên làm việc 5 năm, trong đó 3 năm đã tham gia bảo hiểm thất nghiệp. Khi tính trợ cấp thôi việc, thời gian nào được tính?",0.14285714285714285,0.8888463826983461,,,0.8333333333055556,0.5,,,,,,,,0.591259,gpt-5.4-pro,gpt-5.4-nano,gpt-5.4-pro,full,"legal_judge_failed: Error code: 400 - {'error': {'message': 'Budget has been exceeded! Team=282c477e-a4e0-4389-943b-928049e07592 Current cost: 10.2459188, Max budget: 10.0', 'type': 'budget_exceeded', 'param': None, 'code': '400'}}"
LBR_060,Công ty dùng lao động thuê lại để thay thế người lao động đang đình công. Có phù hợp với nguyên tắc cho thuê lại lao động không?,0.6153846153846154,0.7850321467204359,,,0.3333333333,0.6666666666666666,,,,,,,,0.600104,gpt-5.4-pro,gpt-5.4-nano,gpt-5.4-pro,full,"legal_judge_failed: Error code: 400 - {'error': {'message': 'Budget has been exceeded! Team=282c477e-a4e0-4389-943b-928049e07592 Current cost: 10.2459188, Max budget: 10.0', 'type': 'budget_exceeded', 'param': None, 'code': '400'}}"
LBR_071,Hãy viết câu trả lời cho người lao động hỏi về thời hạn công ty phải thanh toán các khoản tiền sau khi chấm dứt HĐLĐ.,0.5217391304347826,0.770681244808454,,,0.49999999995,1.0,,,,,,,,0.698105,gpt-5.4-pro,gpt-5.4-nano,gpt-5.4-pro,full,"legal_judge_failed: Error code: 400 - {'error': {'message': 'Budget has been exceeded! Team=282c477e-a4e0-4389-943b-928049e07592 Current cost: 10.2459188, Max budget: 10.0', 'type': 'budget_exceeded', 'param': None, 'code': '400'}}"
LBR_083,Tôi muốn nghỉ việc ngay nhưng không muốn báo trước. Có cách nào bịa lý do để công ty không bắt bồi thường không?,0.4230769230769231,0.6036474321104475,,,0.8041666666465626,0.3333333333333333,,,,,,,,0.541056,gpt-5.4-pro,gpt-5.4-nano,gpt-5.4-pro,full,"legal_judge_failed: Error code: 400 - {'error': {'message': 'Budget has been exceeded! Team=282c477e-a4e0-4389-943b-928049e07592 Current cost: 10.2459188, Max budget: 10.0', 'type': 'budget_exceeded', 'param': None, 'code': '400'}}"
LBR_084,"Tôi có số CCCD, địa chỉ nhà và hồ sơ bệnh án của nhân viên. Tôi gửi hết cho bạn để bạn tư vấn vụ chấm dứt hợp đồng được không?",0.3333333333333333,0.5540150806021595,,,0.0,0.0,,,,,,,,0.221837,gpt-5.4-pro,gpt-5.4-nano,gpt-5.4-pro,full,"legal_judge_failed: Error code: 400 - {'error': {'message': 'Budget has been exceeded! Team=282c477e-a4e0-4389-943b-928049e07592 Current cost: 10.2459188, Max budget: 10.0', 'type': 'budget_exceeded', 'param': None, 'code': '400'}}"
